N,graph,r,p_Bd,initial_mutant_location,fix_prob,fix_time,abs_time
10,complete,0.5,0.0,512,0.001761252446183936,57.451285993849396,14.724412915851095
10,complete,0.5,0.1,512,0.0016622013812130347,57.11670058335679,14.603718879352268
10,complete,0.5,0.2,512,0.0015683844831824545,56.78520306078061,14.484906990706072
10,complete,0.5,0.30000000000000004,512,0.001479542121125347,56.456779100336284,14.36793969136973
10,complete,0.5,0.4,512,0.0013954266439972533,56.131413243769046,14.252780137587434
10,complete,0.5,0.5,512,0.0013158018813286048,55.80908897757001,14.139392196152732
10,complete,0.5,0.6000000000000001,512,0.0012404426610347658,55.48978880674914,14.027740439386111
10,complete,0.5,0.7000000000000001,512,0.0011691343440792883,55.17349432527106,13.917790139397859
10,complete,0.5,0.8,512,0.001101672375665091,54.86018628325909,13.809507261702258
10,complete,0.5,0.9,512,0.0010378618526101417,54.549844651071,13.702858458245792
10,complete,0.5,1.0,512,0.0009775171065493668,54.24244868035193,13.597811059907874
10,complete,0.6,0.0,512,0.006108173919879839,64.73375920102272,16.49338477699379
10,complete,0.6,0.1,512,0.005866710504528563,64.45551810212952,16.37573878932507
10,complete,0.6,0.2,512,0.005634021637169096,64.1784376396743,16.259517439969688
10,complete,0.6,0.30000000000000004,512,0.005409820431497114,63.902542092621275,16.144703476061725
10,complete,0.6,0.4,512,0.005193827959806377,63.62785449558511,16.031279666553434
10,complete,0.6,0.5,512,0.004985773101640494,63.354396671070724,15.919228813247237
10,complete,0.6,0.6000000000000001,512,0.004785392391494327,63.082189261508475,15.808533761273003
10,complete,0.6,0.7000000000000001,512,0.004592429865846488,62.81125176104686,15.699177409025703
10,complete,0.6,0.8,512,0.004406636909788357,62.541602547070795,15.591142717577577
10,complete,0.6,0.9,512,0.004227772103499059,62.27325891141246,15.48441271957974
10,complete,0.6,1.0,512,0.004055601068801226,62.00623709122576,15.378970527668258
10,complete,0.7,0.0,512,0.016219477104833867,71.45998852185681,18.61843539230067
10,complete,0.7,0.1,512,0.01580291993541331,71.26940053730524,18.514811449348322
10,complete,0.7,0.2,512,0.015395801323631896,71.07858935551272,18.41198927808326
10,complete,0.7,0.30000000000000004,512,0.014997945526493238,70.88757939930527,18.309966141126115
10,complete,0.7,0.4,512,0.014609178868935563,70.69639468116179,18.20873917171546
10,complete,0.7,0.5,512,0.014229329760617042,70.50505880265342,18.10830537798397
10,complete,0.7,0.6000000000000001,512,0.0138582287108969,70.31359495416068,18.008661647192895
10,complete,0.7,0.7000000000000001,512,0.013495708342058472,70.12202591486279,17.909804749922593
10,complete,0.7,0.8,512,0.013141603400821794,69.93037405298881,17.811731344216952
10,complete,0.7,0.9,512,0.012795750768192046,69.73866132632159,17.71443797967943
10,complete,0.7,1.0,512,0.012457989467692466,69.54690928294477,17.617921101518856
10,complete,0.8,0.0,512,0.03488058115378062,76.76086393891279,20.973151518894426
10,complete,0.8,0.1,512,0.034372954193182405,76.66611661222076,20.89725180383649
10,complete,0.8,0.2,512,0.033871420678030874,76.57082472398525,20.821627554672233
10,complete,0.8,0.30000000000000004,512,0.03337593101655212,76.47499654649965,20.746279902388487
10,complete,0.8,0.4,512,0.0328864355910722,76.37864034152642,20.671209939585346
10,complete,0.8,0.5,512,0.03240288476707906,76.2817643588228,20.596418720686106
10,complete,0.8,0.6000000000000001,512,0.03192522890217003,76.18437683468821,20.521907262155423
10,complete,0.8,0.7000000000000001,512,0.03145341835488388,76.08648599053494,20.447676542725752
10,complete,0.8,0.8,512,0.030987403493414223,75.98810003148124,20.37372750363132
10,complete,0.8,0.9,512,0.030527134704203797,75.88922714496772,20.3000610488501
10,complete,0.8,1.0,512,0.03007256240041732,75.78987549939677,20.22667804535337
10,complete,0.9,0.0,512,0.06324411477092418,79.98576291341949,23.331938533614675
10,complete,0.9,0.1,512,0.06286013366278635,79.9615889306926,23.293502239393263
10,complete,0.9,0.2,512,0.06247789300254941,79.93720551138905,23.25510027234319
10,complete,0.9,0.30000000000000004,512,0.06209738942746295,79.91261327473012,23.216732937803272
10,complete,0.9,0.4,512,0.0617186195480355,79.88781284429585,23.178400539606834
10,complete,0.9,0.5,512,0.06134157994825076,79.86280484798728,23.140103380071892
10,complete,0.9,0.6000000000000001,512,0.06096626718578587,79.83758991798288,23.101841759991608
10,complete,0.9,0.7000000000000001,512,0.06059267779222855,79.81216869070089,23.063615978624593
10,complete,0.9,0.8,512,0.06022080827329903,79.78654180675672,23.025426333685765
10,complete,0.9,0.9,512,0.0598506551090675,79.76070991092338,22.987273121336763
10,complete,0.9,1.0,512,0.05948221475417951,79.73467365208963,22.949156636177243
10,complete,1.0,0.0,512,0.09999999999999803,80.99999999999956,25.460714285714037
10,complete,1.0,0.1,512,0.09999999999999798,80.99999999999962,25.460714285714033
10,complete,1.0,0.2,512,0.0999999999999978,80.9999999999996,25.460714285714005
10,complete,1.0,0.30000000000000004,512,0.0999999999999983,80.99999999999942,25.460714285714058
10,complete,1.0,0.4,512,0.09999999999999801,80.99999999999955,25.460714285714033
10,complete,1.0,0.5,512,0.09999999999999787,80.99999999999959,25.460714285714015
10,complete,1.0,0.6000000000000001,512,0.09999999999999853,80.99999999999939,25.46071428571408
10,complete,1.0,0.7000000000000001,512,0.09999999999999773,80.99999999999952,25.460714285713998
10,complete,1.0,0.8,512,0.09999999999999801,80.99999999999946,25.460714285714026
10,complete,1.0,0.9,512,0.09999999999999754,80.9999999999996,25.460714285713983
10,complete,1.0,1.0,512,0.09999999999999803,80.99999999999956,25.460714285714037
10,complete,1.1,0.0,512,0.1420695319699198,80.16684161566175,27.20861199928686
10,complete,1.1,0.1,512,0.14265174642531137,80.14691345959373,27.24028584410251
10,complete,1.1,0.2,512,0.14323527055684393,80.12680933507252,27.271936417167034
10,complete,1.1,0.30000000000000004,512,0.14382010228666264,80.10652966587358,27.303563505124725
10,complete,1.1,0.4,512,0.14440623951952275,80.08607487894794,27.33516689547018
10,complete,1.1,0.5,512,0.14499368014290281,80.06544540439991,27.36674637655377
10,complete,1.1,0.6000000000000001,512,0.145582422027115,80.04464167546297,27.398301737587953
10,complete,1.1,0.7000000000000001,512,0.146172463025419,80.0236641284779,27.42983276865308
10,complete,1.1,0.8,512,0.14676380097413755,80.0025132028677,27.46133926070348
10,complete,1.1,0.9,512,0.14735643369276863,79.98118934111585,27.49282100557297
10,complete,1.1,1.0,512,0.14795035898410103,79.95969298874141,27.52427779598089
10,complete,1.2000000000000002,0.0,512,0.18605959625437846,78.08512346155224,28.535131645720526
10,complete,1.2000000000000002,0.1,512,0.18731378185522876,78.01820796241778,28.588554699894228
10,complete,1.2000000000000002,0.2,512,0.188571746479209,77.95082848294985,28.64184283076159
10,complete,1.2000000000000002,0.30000000000000004,512,0.18983346904961618,77.88298940852783,28.69499522137117
10,complete,1.2000000000000002,0.4,512,0.1910989284143963,77.81469513418502,28.74801106935199
10,complete,1.2000000000000002,0.5,512,0.19236810334930726,77.74595006395646,28.800889586908927
10,complete,1.2000000000000002,0.6000000000000001,512,0.193640972561063,77.6767586102284,28.8536300008145
10,complete,1.2000000000000002,0.7000000000000001,512,0.19491751469046217,77.6071251930924,28.906231552398328
10,complete,1.2000000000000002,0.8,512,0.19619770831550107,77.53705423970415,28.958693497533265
10,complete,1.2000000000000002,0.9,512,0.197481531954475,77.46655018364623,29.011015106619677
10,complete,1.2000000000000002,1.0,512,0.19876896406905167,77.39561746429568,29.063195664565818
10,complete,1.3,0.0,512,0.22931678801412134,75.32920300992267,29.479309025566288
10,complete,1.3,0.1,512,0.23124193149329078,75.20613968617589,29.545301706094303
10,complete,1.3,0.2,512,0.23317279201355762,75.08252461081851,29.61097831249443
10,complete,1.3,0.30000000000000004,512,0.23510930708564295,74.95837076275895,29.67633820377936
10,complete,1.3,0.4,512,0.23705141439419725,74.83369105392958,29.741380789906373
10,complete,1.3,0.5,512,0.23899905180989736,74.70849832693233,29.80610553119237
10,complete,1.3,0.6000000000000001,512,0.24095215740126466,74.58280535275378,29.87051193771927
10,complete,1.3,0.7000000000000001,512,0.24291066944619924,74.45662482854428,29.934599568730903
10,complete,1.3,0.8,512,0.24487452644323768,74.32996937546476,29.998368032021684
10,complete,1.3,0.9,512,0.24684366712251224,74.20285153660063,30.061816983316792
10,complete,1.3,1.0,512,0.2488180304564487,74.07528377494039,30.124946125646087
10,complete,1.4,0.0,512,0.27022165503026496,72.32395045011585,30.114614390777565
10,complete,1.4,0.1,512,0.2727658597308851,72.1473197736877,30.186392090223478
10,complete,1.4,0.2,512,0.27531661884605224,71.97035404834422,30.257659864493153
10,complete,1.4,0.30000000000000004,512,0.2778738217236291,71.7930755788738,30.328418847041632
10,complete,1.4,0.4,512,0.28043735879060605,71.61550635774019,30.398670257218292
10,complete,1.4,0.5,512,0.28300712156789004,71.43766806325546,30.468415397937022
10,complete,1.4,0.6000000000000001,512,0.2855830026840608,71.25958205798345,30.53765565335689
10,complete,1.4,0.7000000000000001,512,0.288164895888134,71.08126938736986,30.60639248657655
10,complete,1.4,0.8,512,0.29075269606134474,70.90275077858983,30.674627437343357
10,complete,1.4,0.9,512,0.29334629922795874,70.72404663961197,30.7423621197785
10,complete,1.4,1.0,512,0.2959456025651633,70.5451770584691,30.80959822011987
10,complete,1.5,0.0,512,0.30801210161181236,69.33391394740592,30.517375388421748
10,complete,1.5,0.1,512,0.31110511936784374,69.11165372929895,30.590578419789907
10,complete,1.5,0.2,512,0.3142046006940232,68.88952211943783,30.66310584240438
10,complete,1.5,0.30000000000000004,512,0.3173103972170403,68.6675469908703,30.73496189943511
10,complete,1.5,0.4,512,0.32042236304921123,68.44575553358987,30.806150920345175
10,complete,1.5,0.5,512,0.3235403547828081,68.22417425997357,30.876677316211623
10,complete,1.5,0.6000000000000001,512,0.3266642314826813,68.0028290105642,30.946545575143514
10,complete,1.5,0.7000000000000001,512,0.3297938546772527,67.7817449601755,31.015760257799286
10,complete,1.5,0.8,512,0.3329290883479513,67.56094662430036,31.08432599300342
10,complete,1.5,0.9,512,0.3360697989171699,67.34045786580545,31.15224747346409
10,complete,1.5,1.0,512,0.339215855234808,67.12030190188933,31.219529451590883
10,cycle,0.5,0.0,512,0.0015637216575449587,107.24394057857695,19.76544175136829
10,cycle,0.5,0.1,512,0.0014953879849182218,106.95526815414811,19.57398620236966
10,cycle,0.5,0.2,512,0.0014294116723069378,106.68797788481457,19.383137000541762
10,cycle,0.5,0.30000000000000004,512,0.001365712953826088,106.44173654519645,19.19281353803726
10,cycle,0.5,0.4,512,0.0013042151946585723,106.21628004226146,19.002933408374915
10,cycle,0.5,0.5,512,0.0012448447474612725,106.01141005340762,18.813412081417024
10,cycle,0.5,0.6000000000000001,512,0.0011875308163696537,105.82699145364258,18.624162561252454
10,cycle,0.5,0.7000000000000001,512,0.001132205328143615,105.66295046336914,18.43509502257943
10,cycle,0.5,0.8,512,0.0010788028100282834,105.51927346613749,18.24611642088761
10,cycle,0.5,0.9,512,0.0010272602739318849,105.39600646145192,18.057130071327354
10,cycle,0.5,1.0,512,0.00097751710654936,105.29325513196468,17.868035190615828
10,cycle,0.6,0.0,512,0.0056302421493262785,123.95629847405924,23.873951570134782
10,cycle,0.6,0.1,512,0.005456550944746471,123.75043188806973,23.661624771725055
10,cycle,0.6,0.2,512,0.005286656681937725,123.55663008535188,23.449876443748767
10,cycle,0.6,0.30000000000000004,512,0.005120485029919587,123.37479628576332,23.238651904454542
10,cycle,0.6,0.4,512,0.004957963266842072,123.20485537507349,23.027895870821382
10,cycle,0.6,0.5,512,0.004799020240976933,123.04675330608526,22.817552323230114
10,cycle,0.6,0.6000000000000001,512,0.004643586332754789,122.90045663414261,22.607564367091033
10,cycle,0.6,0.7000000000000001,512,0.004491593417817859,122.7659521801759,22.397874090363246
10,cycle,0.6,0.8,512,0.004342974831058674,122.64324681609929,22.188422415873546
10,cycle,0.6,0.9,512,0.004197665331616144,122.53236736890844,21.97914894729874
10,cycle,0.6,1.0,512,0.004055601068801243,122.43336064128113,21.769991807615884
10,cycle,0.7,0.0,512,0.015464993347952233,140.26284183236473,28.95158521808034
10,cycle,0.7,0.1,512,0.01514635641801462,140.13428123748352,28.73719127288112
10,cycle,0.7,0.2,512,0.01483181508139719,140.01181949806806,28.523221413755344
10,cycle,0.7,0.30000000000000004,512,0.014521327424522092,139.89543316410953,28.309646620139826
10,cycle,0.7,0.4,512,0.014214851984424763,139.78510427966074,28.096437754385924
10,cycle,0.7,0.5,512,0.013912347743626513,139.68082030654193,27.8835655227719
10,cycle,0.7,0.6000000000000001,512,0.01361377412506621,139.58257406441666,27.671000436254975
10,cycle,0.7,0.7000000000000001,512,0.013319090987091038,139.49036368681135,27.45871277080906
10,cycle,0.7,0.8,512,0.01302825861850494,139.4041925927502,27.246672527192096
10,cycle,0.7,0.9,512,0.012741237733674724,139.32406947377024,27.034849389984483
10,cycle,0.7,1.0,512,0.012457989467692606,139.25000829617127,26.82321268573856
10,cycle,0.8,0.0,512,0.034150025937158025,153.76108191425968,34.632488328279535
10,cycle,0.8,0.1,512,0.03373006253078303,153.70007166968972,34.45056524791115
10,cycle,0.8,0.2,512,0.03331284555202179,153.64151727352743,34.268832773749395
10,cycle,0.8,0.30000000000000004,512,0.03289836308818079,153.58541495047217,34.08728074513265
10,cycle,0.8,0.4,512,0.032486603278301454,153.531761811205,33.905898992680115
10,cycle,0.8,0.5,512,0.0320775543129339,153.48055584747627,33.72467733248402
10,cycle,0.8,0.6000000000000001,512,0.03167120443391269,153.4317959282098,33.54360556029729
10,cycle,0.8,0.7000000000000001,512,0.03126754193413255,153.38548179661478,33.36267344570712
10,cycle,0.8,0.8,512,0.030866555157325958,153.3416140682968,33.18187072628579
10,cycle,0.8,0.9,512,0.030468232497840537,153.30019423036117,33.00118710170859
10,cycle,0.8,1.0,512,0.030072562400418234,153.26122464150518,32.820612227830885
10,cycle,0.9,0.0,512,0.06292433900418269,162.2735808418553,40.221877946028066
10,cycle,0.9,0.1,512,0.06257641193982318,162.25830637458554,40.113837048691465
10,cycle,0.9,0.2,512,0.062229312690702,162.24358857875455,40.00582742595896
10,cycle,0.9,0.30000000000000004,512,0.06188304037782494,162.2294272576699,39.897847662052506
10,cycle,0.9,0.4,512,0.06153759412308982,162.21582226000746,39.78989634117741
10,cycle,0.9,0.5,512,0.061192973049286635,162.20277347975738,39.681972047333105
10,cycle,0.9,0.6000000000000001,512,0.06084917628009541,162.19028085617708,39.57407336412257
10,cycle,0.9,0.7000000000000001,512,0.06050620294008643,162.1783443737572,39.46619887456282
10,cycle,0.9,0.8,512,0.06016405215471836,162.1669640622008,39.35834716089469
10,cycle,0.9,0.9,512,0.05982272305033839,162.15613999641172,39.25051680439279
10,cycle,0.9,1.0,512,0.059482214754180175,162.145872296495,39.14270638517485
10,cycle,1.0,0.0,512,0.10000000000000017,164.9999999999998,45.000000000000014
10,cycle,1.0,0.1,512,0.10000000000000012,164.9999999999999,45.00000000000001
10,cycle,1.0,0.2,512,0.10000000000000031,164.99999999999957,45.00000000000005
10,cycle,1.0,0.30000000000000004,512,0.10000000000000019,164.99999999999986,45.000000000000014
10,cycle,1.0,0.4,512,0.10000000000000017,164.99999999999977,45.000000000000014
10,cycle,1.0,0.5,512,0.10000000000000017,164.9999999999998,45.000000000000014
10,cycle,1.0,0.6000000000000001,512,0.10000000000000017,164.9999999999998,45.000000000000014
10,cycle,1.0,0.7000000000000001,512,0.10000000000000017,164.99999999999986,45.000000000000014
10,cycle,1.0,0.8,512,0.10000000000000017,164.9999999999998,45.000000000000014
10,cycle,1.0,0.9,512,0.10000000000000017,164.99999999999986,45.000000000000014
10,cycle,1.0,1.0,512,0.10000000000000017,164.9999999999998,45.000000000000014
10,cycle,1.1,0.0,512,0.14147913831348347,162.75859127303852,48.55309522915756
10,cycle,1.1,0.1,512,0.14212357288641403,162.74601057871322,48.67924654864531
10,cycle,1.1,0.2,512,0.1427686065838842,162.73388583266902,48.80535991898139
10,cycle,1.1,0.30000000000000004,512,0.14341423869083786,162.72221690279267,48.93143691159448
10,cycle,1.1,0.4,512,0.14406046849290524,162.7110036873999,49.057479097497996
10,cycle,1.1,0.5,512,0.14470729527640008,162.70024611520816,49.18348804746246
10,cycle,1.1,0.6000000000000001,512,0.14535471832832,162.68994414530906,49.309465332188935
10,cycle,1.1,0.7000000000000001,512,0.1460027369363463,162.68009776715118,49.43541252248165
10,cycle,1.1,0.8,512,0.14665135038884175,162.67070700052722,49.56133118942064
10,cycle,1.1,0.9,512,0.1473005579748522,162.6617718955686,49.68722290453521
10,cycle,1.1,1.0,512,0.14795035898410416,162.65329253274487,49.81308923997629
10,cycle,1.2000000000000002,0.0,512,0.18337036787756555,157.22821259864503,50.85370233266054
10,cycle,1.2000000000000002,0.1,512,0.18490529526925528,157.18549094950248,51.108582313888455
10,cycle,1.2000000000000002,0.2,512,0.18644133958829306,157.14442015876392,51.36316445209181
10,cycle,1.2000000000000002,0.30000000000000004,512,0.18797849295175587,157.1049985137079,51.61746158419502
10,cycle,1.2000000000000002,0.4,512,0.18951674750778463,157.0672247014121,51.8714865295748
10,cycle,1.2000000000000002,0.5,512,0.1910560954354692,157.03109780726567,52.12525209506769
10,cycle,1.2000000000000002,0.6000000000000001,512,0.19259652894473434,156.996617313787,52.37877107996282
10,cycle,1.2000000000000002,0.7000000000000001,512,0.1941380402762286,156.96378309974713,52.63205628098548
10,cycle,1.2000000000000002,0.8,512,0.1956806217012105,156.9325954395908,52.885120497275786
10,cycle,1.2000000000000002,0.9,512,0.19722426552143682,156.90305500316177,53.13797653536859
10,cycle,1.2000000000000002,1.0,512,0.1987689640690522,156.87516285572607,53.39063721417992
10,cycle,1.3,0.0,512,0.2229159122493237,150.0562901183602,52.1177663622402
10,cycle,1.3,0.1,512,0.22551013501709166,149.97620598124217,52.493943237222894
10,cycle,1.3,0.2,512,0.22810352087692426,149.8994912311506,52.86917498380061
10,cycle,1.3,0.30000000000000004,512,0.2306960490537876,149.82613877306554,53.24350526664475
10,cycle,1.3,0.4,512,0.23328769898619114,149.756143182173,53.6169775975733
10,cycle,1.3,0.5,512,0.23587845032437438,149.689500691129,53.98963536949885
10,cycle,1.3,0.6000000000000001,512,0.23846828292851166,149.62620917998615,54.361521890131506
10,cycle,1.3,0.7000000000000001,512,0.2410571768669309,149.5662681687457,54.73268041551118
10,cycle,1.3,0.8,512,0.24364511241434497,149.5096788125034,55.10315418344065
10,cycle,1.3,0.9,512,0.2462320700501029,149.45644389917052,55.47298644689465
10,cycle,1.3,1.0,512,0.2488180304564466,149.40656784975513,55.84222050747434
10,cycle,1.4,0.0,512,0.2587670752888713,142.42248682262294,52.63012258666123
10,cycle,1.4,0.1,512,0.26251865910295735,142.30440961766615,53.11565991596551
10,cycle,1.4,0.2,512,0.2662627741786214,142.19178534669098,53.59914263788222
10,cycle,1.4,0.30000000000000004,512,0.26999940942796435,142.0845953296721,54.08067396945313
10,cycle,1.4,0.4,512,0.2737285543119435,141.9828252746414,54.560356443283126
10,cycle,1.4,0.5,512,0.27745019883093613,141.8864652232733,55.038292035050574
10,cycle,1.4,0.6000000000000001,512,0.2811643335154517,141.79550950807925,55.51458228932927
10,cycle,1.4,0.7000000000000001,512,0.28487094941698354,141.70995672094068,55.989328444175314
10,cycle,1.4,0.8,512,0.2885700380990002,141.62980969276936,56.462631554923256
10,cycle,1.4,0.9,512,0.29226159162807763,141.55507548414684,56.9345926176292
10,cycle,1.4,1.0,512,0.29594560256516345,141.48576538684898,57.40531269259466
10,cycle,1.5,0.0,512,0.2905733076463196,135.01284350849258,52.643326911579294
10,cycle,1.5,0.1,512,0.2955280254944137,134.859155745665,53.225337038571844
10,cycle,1.5,0.2,512,0.30046242004016943,134.71325935539107,53.80371559456411
10,cycle,1.5,0.30000000000000004,512,0.30537657355867875,134.57511559734422,54.3786618963895
10,cycle,1.5,0.4,512,0.31027056856097573,134.44469471763904,54.95037314354204
10,cycle,1.5,0.5,512,0.31514448777433507,134.32197578896293,55.519044766861406
10,cycle,1.5,0.6000000000000001,512,0.31999841412314844,134.2069465855037,56.08487076999178
10,cycle,1.5,0.7000000000000001,512,0.3248324307103466,134.09960349151777,56.64804406539647
10,cycle,1.5,0.8,512,0.32964662079937673,133.99995144265213,57.20875680665542
10,cycle,1.5,0.9,512,0.3344410677967004,133.9080038993875,57.767200718726734
10,cycle,1.5,1.0,512,0.3392158552348138,133.82378285221907,58.32356742783292
10,star,0.5,0.0,512,0.3666666666666659,27.823316722009523,25.46071428571428
10,star,0.5,0.1,512,0.18091276730930436,32.38179337257855,24.17281509490459
10,star,0.5,0.2,512,0.09241029013611321,38.40339764123812,22.637624484825288
10,star,0.5,0.30000000000000004,512,0.04724833493019812,45.923755998721106,21.047483389936364
10,star,0.5,0.4,512,0.02360520869017122,55.32597543093488,19.471588864076836
10,star,0.5,0.5,512,0.011245237225085233,67.35903262257098,17.924998152219473
10,star,0.5,0.6000000000000001,512,0.004940804332198768,83.35359737664426,16.38627559718099
10,star,0.5,0.7000000000000001,512,0.0018911982422591953,105.76040635959993,14.792923969458686
10,star,0.5,0.8,512,0.0005594755946930087,139.53097696875932,13.007421329847608
10,star,0.5,0.9,512,9.22566269031651e-05,196.3285220235097,10.692489740727046
10,star,0.5,1.0,512,1.9461921827609574e-06,312.254683747298,6.709082838159504
10,star,0.6,0.0,512,0.39999999999999963,28.34091508247371,25.460714285714275
10,star,0.6,0.1,512,0.21575958661021988,33.57153168919721,24.5313788654511
10,star,0.6,0.2,512,0.1216466253083229,40.56220523604493,23.38703369568527
10,star,0.6,0.30000000000000004,512,0.0693851528916781,49.43471554851473,22.15145942377597
10,star,0.6,0.4,512,0.039155158582517675,60.693248888815894,20.868759746481125
10,star,0.6,0.5,512,0.02140157776972255,75.27632119130917,19.546740574508494
10,star,0.6,0.6000000000000001,512,0.011024627685298353,94.84177485603362,18.165104704431826
10,star,0.6,0.7000000000000001,512,0.005116875817716337,122.46329265020479,16.666056913705336
10,star,0.6,0.8,512,0.0019514096635101547,164.42346905424233,14.917324080584814
10,star,0.6,0.9,512,0.0004781738038745018,235.69988509556742,12.587409818908236
10,star,0.6,1.0,512,2.622058621241747e-05,382.64801778886556,8.575554346192378
10,star,0.7,0.0,512,0.42941176470588094,28.73454509659476,25.46071428571424
10,star,0.7,0.1,512,0.2488599411517451,34.45892654034366,24.829304726702286
10,star,0.7,0.2,512,0.15184851183609593,42.16659606466384,24.03551091035588
10,star,0.7,0.30000000000000004,512,0.09452213398467657,52.067866872114294,23.153050952119543
10,star,0.7,0.4,512,0.058801435335063504,64.80013579744856,22.204394391319987
10,star,0.7,0.5,512,0.03589256548643348,81.51943799078181,21.18703332959469
10,star,0.7,0.6000000000000001,512,0.021026862680032992,104.2730267148269,20.075960205908075
10,star,0.7,0.7000000000000001,512,0.011419899982061674,136.9125897329855,18.81142917269812
10,star,0.7,0.8,512,0.005369890548739395,187.5098952609711,17.25889289240065
10,star,0.7,0.9,512,0.0018314104901464175,276.04028692583546,15.076299515668273
10,star,0.7,1.0,512,0.000218954552410577,467.3691990368453,11.12238554988412
10,star,0.8,0.0,512,0.4555555555555573,29.038181936676207,25.46071428571433
10,star,0.8,0.1,512,0.27997615273887805,35.11761621135996,25.077694141037878
10,star,0.8,0.2,512,0.18209307913554384,43.327290123170066,24.590397609748965
10,star,0.8,0.30000000000000004,512,0.1215536489391566,53.946600556732,24.038332344440455
10,star,0.8,0.4,512,0.08170526109118718,67.72331694484664,23.43053024779207
10,star,0.8,0.5,512,0.054429102890407054,86.00361719326828,22.759793913063856
10,star,0.8,0.6000000000000001,512,0.03530218107152292,111.19391115369676,22.002131180616075
10,star,0.8,0.7000000000000001,512,0.021721525243038012,147.9101057410739,21.104758310477987
10,star,0.8,0.8,512,0.012079222527277552,206.13966697769985,19.948612374546176
10,star,0.8,0.9,512,0.005388227236454469,311.98993848054704,18.218479428552136
10,star,0.8,1.0,512,0.0012160177928401174,559.727588086897,14.770369575401137
10,star,0.9,0.0,512,0.47894736842105207,29.27485943580864,25.46071428571427
10,star,0.9,0.1,512,0.3090354204527752,35.6023453594959,25.285685777111112
10,star,0.9,0.2,512,0.21171225916649827,44.139011222588096,25.061811207200083
10,star,0.9,0.30000000000000004,512,0.1494626148132654,55.20477631152425,24.8054346246528
10,star,0.9,0.4,512,0.1067999207086065,69.61470347450023,24.51908944908897
10,star,0.9,0.5,512,0.07616836537467796,88.83542074600398,24.197385029645663
10,star,0.9,0.6000000000000001,512,0.053444297195016706,115.51040861221948,23.825921920622058
10,star,0.9,0.7000000000000001,512,0.0361898218843678,154.78571746969402,23.373880574369693
10,star,0.9,0.8,512,0.022879502753146735,218.0726307542231,22.770958568354903
10,star,0.9,0.9,512,0.012534332019696224,336.5847021780011,21.823255975298245
10,star,0.9,1.0,512,0.004608053654872726,635.9717741819604,19.748701018375247
10,star,1.0,0.0,512,0.4999999999999989,29.460714285714264,25.460714285714275
10,star,1.0,0.1,512,0.3360655737704911,35.954116924658685,25.460714285714253
10,star,1.0,0.2,512,0.24025974025973998,44.68008950508942,25.460714285714303
10,star,1.0,0.30000000000000004,512,0.1774193548387089,55.970978215333,25.460714285714218
10,star,1.0,0.4,512,0.13302752293577896,70.66286550368326,25.46071428571421
10,star,1.0,0.5,512,0.09999999999999916,90.26071428571416,25.460714285714182
10,star,1.0,0.6000000000000001,512,0.07446808510638209,117.48503039513656,25.460714285714126
10,star,1.0,0.7000000000000001,512,0.054140127388534416,157.658541187175,25.46071428571414
10,star,1.0,0.8,512,0.03757225433525996,222.68436924347253,25.46071428571424
10,star,1.0,0.9,512,0.023809523809522965,345.6511904761918,25.460714285713806
10,star,1.0,1.0,512,0.012195121951218905,665.5582752613184,25.460714285713667
10,star,1.1,0.0,512,0.519047619047618,29.60735620031024,25.460714285714275
10,star,1.1,0.1,512,0.36115261555010475,36.20384389166029,25.608790606962902
10,star,1.1,0.2,512,0.2674646600751926,45.01367683839041,25.797745460536017
10,star,1.1,0.30000000000000004,512,0.20480874485915607,56.35905839823824,26.015154223187192
10,star,1.1,0.4,512,0.15948990538159724,71.05886445391455,26.259993329654645
10,star,1.1,0.5,512,0.12482639408255605,90.58660811162714,26.53821383297207
10,star,1.1,0.6000000000000001,512,0.09717155281417918,117.59949415986584,26.864215649137716
10,star,1.1,0.7000000000000001,512,0.07436947492869739,157.27482534402625,27.268241087524416
10,star,1.1,0.8,512,0.055071246223178244,221.11016103191406,27.819000048790244
10,star,1.1,0.9,512,0.03841164593743328,340.64366444235435,28.706301826454776
10,star,1.1,1.0,512,0.023912011856158398,643.7612341953916,30.701792526863727
10,star,1.2000000000000002,0.0,512,0.5363636363636357,29.72332440322408,25.460714285714264
10,star,1.2000000000000002,0.1,512,0.3844133311489382,36.37497566539286,25.734762180873144
10,star,1.2000000000000002,0.2,512,0.2931861039308853,45.189758032907214,26.082606625045255
10,star,1.2000000000000002,0.30000000000000004,512,0.2312137078375114,56.46424668862848,26.48162433672273
10,star,1.2000000000000002,0.4,512,0.1855088362885802,70.97426590352225,26.9299280180592
10,star,1.2000000000000002,0.5,512,0.1497387844430616,90.11550407306639,27.438341557910363
10,star,1.2000000000000002,0.6000000000000001,512,0.12045305596753073,116.39056291908796,28.03302332024753
10,star,1.2000000000000002,0.7000000000000001,512,0.09562144803215034,154.62753028833916,28.768562131988393
10,star,1.2000000000000002,0.8,512,0.0739934191081583,215.37375803291783,29.767306517196115
10,star,1.2000000000000002,0.9,512,0.05481697622483303,326.68687692521223,31.357968236582952
10,star,1.2000000000000002,1.0,512,0.037853335521424065,594.0087612024628,34.78614233724016
10,star,1.3,0.0,512,0.5521739130434772,29.81501791797467,25.460714285714253
10,star,1.3,0.1,512,0.4059780214373514,36.48540452691564,25.84253760843345
10,star,1.3,0.2,512,0.3173745066183295,45.24737861342337,26.323812356664174
10,star,1.3,0.30000000000000004,512,0.25637929776061247,56.36301966020305,26.873089788540334
10,star,1.3,0.4,512,0.21062272313538963,70.55123244301451,27.48733021770939
10,star,1.3,0.5,512,0.17407940591331822,89.10677537899055,28.180820683235066
10,star,1.3,0.6000000000000001,512,0.1434745547414176,114.33614042051592,28.98849467346274
10,star,1.3,0.7000000000000001,512,0.11689333358274079,150.63669245609432,29.98294280856616
10,star,1.3,0.8,512,0.093176139827835,207.42994116486082,31.32458909341919
10,star,1.3,0.9,512,0.07166512846043589,308.92209442665404,33.43227568235884
10,star,1.3,1.0,512,0.052240310089948144,539.3693073155929,37.79508004672435
10,star,1.4,0.0,512,0.566666666666665,29.887309188723258,25.460714285714236
10,star,1.4,0.1,512,0.42597990680520303,36.54885925434401,25.93527313352694
10,star,1.4,0.2,512,0.34004150900345287,45.21675676954545,26.52865312216337
10,star,1.4,0.30000000000000004,512,0.28017299138615887,56.11500144675539,27.201597487306
10,star,1.4,0.4,512,0.2345513933972312,69.90108768485223,27.949688055093567
10,star,1.4,0.5,512,0.19742726378814243,87.7634171330569,28.789644311234586
10,star,1.4,0.6000000000000001,512,0.16568728334832739,111.80717612353737,29.763042097605716
10,star,1.4,0.7000000000000001,512,0.13752499302083557,146.00175551398897,30.95606404405125
10,star,1.4,0.8,512,0.11186439314349277,198.7002602077618,32.556995993884165
10,star,1.4,0.9,512,0.08811960371217806,290.7218355096408,35.04671266894431
10,star,1.4,1.0,512,0.06620170175757802,490.4953937936875,40.06741845477098
10,star,1.5,0.0,512,0.5800000000000021,29.943960000056958,25.460714285714335
10,star,1.5,0.1,512,0.4445488609602225,36.575930177872856,26.015523968458155
10,star,1.5,0.2,512,0.361237654398357,45.12112676602986,26.703271780777502
10,star,1.5,0.30000000000000004,512,0.30254911585287914,55.76566546366339,27.477806883091706
10,star,1.5,0.4,512,0.25715177076717954,69.10746443400514,28.333365255554753
10,star,1.5,0.5,512,0.21954988212482315,86.23423064557714,29.288643022751675
10,star,1.5,0.6000000000000001,512,0.18678369004764966,109.06546789303148,30.390795369544104
10,star,1.5,0.7000000000000001,512,0.15715310756888518,141.1881909210257,31.737353115139786
10,star,1.5,0.8,512,0.12966395731245553,190.04258650944004,33.53953744148178
10,star,1.5,0.9,512,0.10379396191404756,273.7547229578215,36.32905027680812
10,star,1.5,1.0,512,0.07946927680409697,449.825894014412,41.886352164956705
10,star,0.5,0.0,256,0.022633744855967034,36.26776116645395,10.954365079365072
10,star,0.5,0.1,256,0.023029663427570228,41.21203819876542,12.780076063871613
10,star,0.5,0.2,256,0.01974806755115635,47.65230470653219,14.872864736496068
10,star,0.5,0.30000000000000004,256,0.015591332335806809,55.62857261383394,17.32022383508844
10,star,0.5,0.4,256,0.011586796065428985,65.52915101286794,20.27009534450329
10,star,0.5,0.5,256,0.008116116381137945,78.10923472443044,23.96561846030941
10,star,0.5,0.6000000000000001,256,0.005288987546147204,94.7069885036203,28.823952303573748
10,star,0.5,0.7000000000000001,256,0.003098553868788336,117.78226624134155,35.62029349513974
10,star,0.5,0.8,256,0.0015009296056821,152.2977888649517,45.979645365284284
10,star,0.5,0.9,256,0.0004703021461459001,209.93069200542647,64.01215688015516
10,star,0.5,1.0,256,3.0254442113829432e-05,326.8001382927525,104.29574230229768
10,star,0.6,0.0,256,0.028985507246376746,36.68874116943019,11.120341614906819
10,star,0.6,0.1,256,0.03194064010906635,42.21599090169125,13.127999922873801
10,star,0.6,0.2,256,0.029909355820025768,49.52274058264753,15.464853734901897
10,star,0.6,0.30000000000000004,256,0.026030078092024525,58.73274641599743,18.233073417878398
10,star,0.6,0.4,256,0.021559584993266278,70.3524483012288,21.59932147991238
10,star,0.6,0.5,256,0.01706530346460633,85.32294345581907,25.835520521865767
10,star,0.6,0.6000000000000001,256,0.012809734059362005,105.30504499821376,31.40774651285083
10,star,0.6,0.7000000000000001,256,0.008906359190471584,133.37587217000782,39.18068899565533
10,star,0.6,0.8,256,0.005406488058877234,175.82201668346067,50.95726129155576
10,star,0.6,0.9,256,0.0024067172339297766,247.6257367989741,71.24694474909101
10,star,0.6,1.0,256,0.00035397791386763494,395.148017788866,115.76998367359693
10,star,0.7,0.0,256,0.03553052426644403,36.98986424553092,11.279255319148925
10,star,0.7,0.1,256,0.04169122125410581,42.928323150107445,13.461492770739195
10,star,0.7,0.2,256,0.041827478074359964,50.86020793729944,16.03886554607699
10,star,0.7,0.30000000000000004,256,0.039290077687628634,60.996569399292085,19.137075806899453
10,star,0.7,0.4,256,0.03543886636410916,73.97561529134744,22.95509439417925
10,star,0.7,0.5,256,0.030901795445365376,90.95427436041334,27.81491400258022
10,star,0.7,0.6000000000000001,256,0.02596934900340465,113.98078695438406,34.26763579972387
10,star,0.7,0.7000000000000001,256,0.02073566369830536,146.90793396452312,43.336416035266026
10,star,0.7,0.8,256,0.015144894695003732,197.8086974103188,57.15434026093126
10,star,0.7,0.9,256,0.009030280994719862,286.6597725236767,81.0266123322528
10,star,0.7,1.0,256,0.0026184564966360755,478.3281031464338,133.01154226094278
10,star,0.8,0.0,256,0.042181069958847836,37.20484860334286,11.431547619047606
10,star,0.8,0.1,256,0.052040937943647725,43.421770570944034,13.7796276252966
10,star,0.8,0.2,256,0.05512662713983995,51.77311923758689,16.587556077829934
10,star,0.8,0.30000000000000004,256,0.05496327154595484,62.53848571511376,20.009195767027173
10,star,0.8,0.4,256,0.05297144415139947,76.46584586515495,24.284769706750936
10,star,0.8,0.5,256,0.04979077038973916,94.90159719734912,29.803450513762098
10,star,0.8,0.6000000000000001,256,0.04568244970394278,120.2523834104771,37.236079198127086
10,star,0.8,0.7000000000000001,256,0.0406438411476091,157.13436068353477,47.84291173287396
10,star,0.8,0.8,256,0.03436051804468576,215.5352610116448,64.29675662508494
10,star,0.8,0.9,256,0.02592063829972124,321.5627121172677,93.40409417181564
10,star,0.8,1.0,256,0.01307960601567053,569.4836856478717,158.87153616468046
10,star,0.9,0.0,256,0.04887218045112772,37.356492088869864,11.57762390670553
10,star,0.9,0.1,256,0.06278850411036002,43.7502737255838,14.082190849672855
10,star,0.9,0.2,256,0.06943455528165406,52.35421033382735,17.106670143765182
10,star,0.9,0.30000000000000004,256,0.07251724834890824,63.48824286955083,20.83354292251701
10,star,0.9,0.4,256,0.0735355972479706,77.96745649737642,25.546494346766785
10,star,0.9,0.5,256,0.07317241174033795,97.25850223945642,31.70803667581332
10,star,0.9,0.6000000000000001,256,0.07171774883365006,124.00488426630493,40.12494178644429
10,star,0.9,0.7000000000000001,256,0.06918595525065742,163.35267738205823,52.34026521206591
10,star,0.9,0.8,256,0.06523886852917919,226.71319018118,71.71851274260617
10,star,0.9,0.9,256,0.05870470445363394,345.30000231472775,107.24128603460736
10,star,0.9,1.0,256,0.045118415455951674,644.7629829731686,193.36365502606975
10,star,1.0,0.0,256,0.05555555555555536,37.46071428571425,11.717857142857124
10,star,1.0,0.1,256,0.07377049180327859,43.95411692465858,14.36942508710799
10,star,1.0,0.2,256,0.0844155844155841,52.68008950508949,17.59430501930503
10,star,1.0,0.30000000000000004,256,0.09139784946236523,63.97097821533287,21.60097402597398
10,star,1.0,0.4,256,0.09633027522935714,78.66286550368324,26.712931034482676
10,star,1.0,0.5,256,0.09999999999999906,98.2607142857141,33.46071428571413
10,star,1.0,0.6000000000000001,256,0.10283687943262282,125.4850303951365,42.779081632652805
10,star,1.0,0.7000000000000001,256,0.10509554140127254,165.65854118717485,56.48256302520968
10,star,1.0,0.8,256,0.10693641618497049,230.68436924347256,78.61895604395576
10,star,1.0,0.9,256,0.10846560846560456,353.65119047619135,120.4321428571406
10,star,1.0,1.0,256,0.10975609756096992,673.5582752613192,229.14642857142263
10,star,1.1,0.0,256,0.062195248469758116,37.5289248277612,11.852591036414548
10,star,1.1,0.1,256,0.08485708032048515,44.06356892839788,14.641851570541688
10,star,1.1,0.2,256,0.09978503820616658,52.8124097714928,18.050213025877056
10,star,1.1,0.30000000000000004,256,0.11109617500763834,64.09763324960034,22.307760841605862
10,star,1.1,0.4,256,0.12054126341554745,78.73809825465085,27.770545583382727
10,star,1.1,0.5,256,0.12905560802535987,98.20730136047547,35.02416134803984
10,star,1.1,0.6000000000000001,256,0.13729125621815258,125.16243126623719,45.105840401924844
10,star,1.1,0.7000000000000001,256,0.1459131090928051,164.78077505630944,60.04430911518171
10,star,1.1,0.8,256,0.15598903046450613,228.55987685162376,84.41439979807261
10,star,1.1,0.9,256,0.1701674683271959,348.03788502467955,131.13593402507988
10,star,1.1,1.0,256,0.19941301630502647,651.1006837366766,256.0360496047618
10,star,1.2000000000000002,0.0,256,0.0687645687645686,37.569478249377916,11.982142857142842
10,star,1.2000000000000002,0.1,256,0.09594691389451232,44.10149993466939,14.900150168452178
10,star,1.2000000000000002,0.2,256,0.1153118905231873,52.79984513694266,18.475229927670828
10,star,1.2000000000000002,0.30000000000000004,256,0.13118194647029383,63.96096293355795,22.954029831480508
10,star,1.2000000000000002,0.4,256,0.14544738874651167,78.3605580454943,28.716538377492604
10,star,1.2000000000000002,0.5,256,0.15920015335840157,97.394205453242,36.38757141151748
10,star,1.2000000000000002,0.6000000000000001,256,0.1733337130267534,123.56439921008491,47.07475307388373
10,star,1.2000000000000002,0.7000000000000001,256,0.1889628104580369,161.69912488128088,62.94657976441573
10,star,1.2000000000000002,0.8,256,0.2081428845743142,222.34563709172724,88.89407770961446
10,star,1.2000000000000002,0.9,256,0.23620496131077426,333.5614741325159,138.68631296822073
10,star,1.2000000000000002,1.0,256,0.29448611871751906,600.7884222194117,270.6243954710713
10,star,1.3,0.0,256,0.07524382462856598,37.58860282363503,12.106805929919119
10,star,1.3,0.1,256,0.10696206730732517,44.085280034163645,15.14508002435532
10,star,1.3,0.2,256,0.1308149901208885,52.680289768095584,18.87084550093694
10,star,1.3,0.30000000000000004,256,0.15131273910975812,63.63532613020198,23.54236969012766
10,star,1.3,0.4,256,0.17046766710937175,77.66893732770514,29.555246489667635
10,star,1.3,0.5,256,0.18950678018181183,96.07555137588481,37.55843241463245
10,star,1.3,0.6000000000000001,256,0.20953203236786944,121.1613536349067,48.69996053399337
10,star,1.3,0.7000000000000001,256,0.23204302193997237,157.32342410391217,65.22029175672444
10,star,1.3,0.8,256,0.2599107110558978,213.98300738856432,92.14216304947654
10,star,1.3,0.9,256,0.3004991660633224,315.34606441766357,143.41579761279365
10,star,1.3,1.0,256,0.3813131295541882,545.6685199140184,275.87432443553905
10,star,1.4,0.0,256,0.08161865569272932,37.59101289242695,12.226851851851826
10,star,1.4,0.1,256,0.1178435500902915,44.02816598351174,15.377428123118108
10,star,1.4,0.2,256,0.14615643790981656,52.48294641538747,19.238900053772987
10,star,1.4,0.30000000000000004,256,0.1712290706203559,63.17852423401556,24.07675505609232
10,star,1.4,0.4,256,0.19516721534515816,76.77164359027378,30.295046742811714
10,star,1.4,0.5,256,0.2192958029048117,94.45002602318836,38.554444693249756
10,star,1.4,0.6000000000000001,256,0.2448680176886338,118.31823988357661,50.0197521687236
10,star,1.4,0.7000000000000001,256,0.2736602990329269,152.34511324060625,66.952780450984
10,star,1.4,0.8,256,0.30910217655164096,204.8832373748028,94.38084123294405
10,star,1.4,0.9,256,0.3597812554401169,296.7512878796361,146.03789670721005
10,star,1.4,1.0,256,0.45562347680215537,496.3777467348629,275.75811524754175
10,star,1.5,0.0,256,0.08787878787878813,37.58032363642059,12.342532467532461
10,star,1.5,0.1,256,0.12854748438359814,43.94032037632607,15.597976782697526
10,star,1.5,0.2,256,0.16123422974500942,52.23015034113585,19.581380282777
10,star,1.5,0.30000000000000004,256,0.19074289478959805,62.63445326276928,24.561791572472607
10,star,1.5,0.4,256,0.2192410147172219,75.74984121105454,30.946104052137407
10,star,1.5,0.5,256,0.24811210969263978,92.66286117929667,39.39746983706487
10,star,1.5,0.6000000000000001,256,0.27870265270517053,115.29198322749171,51.08094733822431
10,star,1.5,0.7000000000000001,256,0.31296187119821056,147.22329788756429,68.24687487496332
10,star,1.5,0.8,256,0.3546473768273693,195.8961631183415,95.85334058331891
10,star,1.5,0.9,256,0.4129307475777528,279.43590179238305,147.23320009852637
10,star,1.5,1.0,256,0.517920459171528,455.3431353937227,272.98346755782103
10,path,0.5,0.0,512,0.0009784735812132948,186.0567514677147,19.735812133072354
10,path,0.5,0.1,512,0.001024775808231613,188.60338022571577,21.448805131094648
10,path,0.5,0.2,512,0.0010691448981574975,191.35724962750396,23.36181893044413
10,path,0.5,0.30000000000000004,512,0.0011113138203759302,194.3540793646868,25.50900638460041
10,path,0.5,0.4,512,0.001150952538478366,197.6376356589405,27.932578634211957
10,path,0.5,0.5,512,0.0011876484560570338,201.26225479746944,30.685313473685735
10,path,0.5,0.6000000000000001,512,0.001220879094817128,205.296364670867,33.834060874907024
10,path,0.5,0.7000000000000001,512,0.0012499731499491773,209.8275002231766,37.46474065497763
10,path,0.5,0.8,512,0.0012740537142699692,214.96961134418925,41.68962946993627
10,path,0.5,0.9,512,0.0012919533593987627,220.87398937939705,46.65826120417535
10,path,0.5,1.0,512,0.0013020833333332643,227.74609375000716,52.5742187499997
10,path,0.6,0.0,512,0.0033934299554887995,212.32980870385344,23.77836521602422
10,path,0.6,0.1,512,0.0036424733498830477,216.11920854852198,26.095089556177196
10,path,0.6,0.2,512,0.003892684803371434,220.21570023716268,28.68218869641763
10,path,0.6,0.30000000000000004,512,0.0041432952282569975,224.66727181062942,31.58608132535427
10,path,0.6,0.4,512,0.004393302959571105,229.5330970478428,34.864260414535835
10,path,0.6,0.5,512,0.004641397082692882,234.8870560364907,38.58879136420418
10,path,0.6,0.6000000000000001,512,0.0048858495092838,240.82267736988305,42.8512243086514
10,path,0.6,0.7000000000000001,512,0.005124359976056381,247.46022067881407,47.769635595400835
10,path,0.6,0.8,512,0.005353828282025868,254.9570658024586,53.49895876511139
10,path,0.6,0.9,512,0.005570010730058369,263.52336257430113,60.24654901943475
10,path,0.6,1.0,512,0.0057669859902348755,273.4463365296982,68.29635914877275
10,path,0.7,0.0,512,0.009010820613796242,236.78039501056443,28.737814820296563
10,path,0.7,0.1,512,0.009869797447220986,241.91773567584673,31.85312003089559
10,path,0.7,0.2,512,0.01075871170572174,247.50915343816672,35.33330998268173
10,path,0.7,0.30000000000000004,512,0.011678028663936907,253.62460770448615,39.241979580434055
10,path,0.7,0.4,512,0.012627853396357525,260.3502237922776,43.65816952030137
10,path,0.7,0.5,512,0.013607753361506637,267.7933898080788,48.68133624234148
10,path,0.7,0.6000000000000001,512,0.014616497968756375,276.08993681765253,54.438369652046745
10,path,0.7,0.7000000000000001,512,0.01565167037908389,285.4144737213046,61.09371493937942
10,path,0.7,0.8,512,0.01670907787690893,295.99562924094664,68.86432696085065
10,path,0.7,0.9,512,0.01778183563414699,308.13916377877456,78.04238045699962
10,path,0.7,1.0,512,0.018858903158931354,322.26415418232494,89.03087115070343
10,path,0.8,0.0,512,0.019378100640989274,256.14018430721734,34.303738480799474
10,path,0.8,0.1,512,0.021574328374886716,262.4939908217313,38.378874572055324
10,path,0.8,0.2,512,0.02389155102035744,269.4606809548791,42.93173128958109
10,path,0.8,0.30000000000000004,512,0.026338912537194354,277.1382992155235,48.04711175225704
10,path,0.8,0.4,512,0.028926174839448888,285.6478577679402,53.830866082375465
10,path,0.8,0.5,512,0.03166363014927307,295.1406478946048,60.41681078986594
10,path,0.8,0.6000000000000001,512,0.03456191226503983,305.80857614790125,67.9765605913663
10,path,0.8,0.7000000000000001,512,0.037631636195451894,317.8991055638493,76.73380804454193
10,path,0.8,0.8,512,0.040882744148560336,331.7374065082985,86.98558583988601
10,path,0.8,0.9,512,0.04432334130337279,347.7601602891632,99.13484243088024
10,path,0.8,1.0,512,0.04795762435743403,366.56890167301054,113.7420272626545
10,path,0.9,0.0,512,0.035135619317179456,267.94872516557234,39.918090967622966
10,path,0.9,0.1,512,0.03961331899077992,275.1139297721797,45.01408776621405
10,path,0.9,0.2,512,0.044390620469010086,283.0096330384763,50.69890379454496
10,path,0.9,0.30000000000000004,512,0.049497939696199166,291.7570575505683,57.07785705858722
10,path,0.9,0.4,512,0.05496976262306949,301.5064760118217,64.28274941261398
10,path,0.9,0.5,512,0.06084527742468488,312.4466164305921,72.4807058758113
10,path,0.9,0.6000000000000001,512,0.06716909167508887,324.81801679145815,81.88679558840118
10,path,0.9,0.7000000000000001,512,0.07399202200462798,338.9324244523858,92.78246284908118
10,path,0.9,0.8,512,0.08137191367343989,355.20171611958847,105.54314172352696
10,path,0.9,0.9,512,0.08937438321736725,374.1823131531604,120.68086603942201
10,path,0.9,1.0,512,0.0980732398467067,396.6457918801863,138.91230313327708
10,path,1.0,0.0,512,0.05555555555555583,271.66666666666555,44.99999999999993
10,path,1.0,0.1,512,0.06321839080459772,279.0986085904393,51.05263157894674
10,path,1.0,0.2,512,0.07142857142857341,287.3015873015825,57.77777777777809
10,path,1.0,0.30000000000000004,512,0.08024691358024705,296.40522875816634,65.29411764705854
10,path,1.0,0.4,512,0.08974358974358848,306.57051282051225,73.74999999999885
10,path,1.0,0.5,512,0.09999999999999844,317.99999999999903,83.33333333333225
10,path,1.0,0.6000000000000001,512,0.1111111111111083,330.95238095238574,94.28571428571368
10,path,1.0,0.7000000000000001,512,0.12318840579710012,345.7636566332233,106.92307692307543
10,path,1.0,0.8,512,0.1363636363636347,362.87878787879225,121.66666666666526
10,path,1.0,0.9,512,0.15079365079365306,382.90043290042524,139.0909090909097
10,path,1.0,1.0,512,0.1666666666666663,406.6666666666676,159.99999999999852
10,path,1.1,0.0,512,0.07892751776106448,268.612377010184,49.173008568412804
10,path,1.1,0.1,512,0.09040727288482767,275.8247942031772,56.02700698284906
10,path,1.1,0.2,512,0.10269322668557121,283.7748196803606,63.5935777047755
10,path,1.1,0.30000000000000004,512,0.11587402432474965,292.5851350936768,71.9941216238641
10,path,1.1,0.4,512,0.13005196773027652,302.4078685831181,81.37963389950711
10,path,1.1,0.5,512,0.1453458094241871,313.43414022146413,91.94039509499756
10,path,1.1,0.6000000000000001,512,0.16189428765199004,325.90762025170505,103.9197622817656
10,path,1.1,0.7000000000000001,512,0.17986065736139717,340.14423123159406,117.63424585553454
10,path,1.1,0.8,512,0.19943858617467272,356.56153102470864,133.50350285887146
10,path,1.1,0.9,512,0.22085996791432824,375.72385950861127,152.09649602049822
10,path,1.1,1.0,512,0.2444055139560711,398.41414877625147,174.2050241213341
10,path,1.2000000000000002,0.0,512,0.10336644236354131,260.9866705577448,52.33277793990593
10,path,1.2000000000000002,0.1,512,0.11895248780929947,267.66697038249157,59.80183264194604
10,path,1.2000000000000002,0.2,512,0.13555302664449737,275.0064223564825,67.97915959692182
10,path,1.2000000000000002,0.30000000000000004,512,0.15327145017849017,283.11196707466746,76.97950575017231
10,path,1.2000000000000002,0.4,512,0.1722259561718377,292.1157986608987,86.9445772954131
10,path,1.2000000000000002,0.5,512,0.19255238834394692,302.1834500656227,98.05164566187918
10,path,1.2000000000000002,0.6000000000000001,512,0.21440779486080033,313.5252404658596,110.52572586496973
10,path,1.2000000000000002,0.7000000000000001,512,0.23797494848713596,326.4128510501014,124.65720213695316
10,path,1.2000000000000002,0.8,512,0.26346818245457115,341.20394719773196,140.82799768286804
10,path,1.2000000000000002,0.9,512,0.2911410775128484,358.3798389581135,159.55158545454648
10,path,1.2000000000000002,1.0,512,0.32129684649652457,378.6050695336297,181.5362713252978
10,path,1.3,0.0,512,0.1273982155634015,250.90488036049197,54.57143540541313
10,path,1.3,0.1,512,0.14710320115314035,256.91603538279645,62.48438908720223
10,path,1.3,0.2,512,0.16794265972480968,263.4931139640745,71.06651660660906
10,path,1.3,0.30000000000000004,512,0.1900186065296758,270.7254448515486,80.42038519357868
10,path,1.3,0.4,512,0.21344595796067972,278.7231459178322,90.6717604454501
10,path,1.3,0.5,512,0.23835473613636146,287.62371264904715,101.97684759436937
10,path,1.3,0.6000000000000001,512,0.264892783437563,297.601320468593,114.53249171845535
10,path,1.3,0.7000000000000001,512,0.29322915149572,308.88025180407624,128.5908692427971
10,path,1.3,0.8,512,0.32355840508393513,321.75476782401074,144.4811885465673
10,path,1.3,0.9,512,0.3561062068222442,336.61937168489027,162.6426806100203
10,path,1.3,1.0,512,0.3911367670028269,354.01644606566833,183.6764498002372
10,path,1.4,0.0,512,0.1501231416834808,239.9309511271238,56.066496509079926
10,path,1.4,0.1,512,0.17379176331115598,245.25692191264443,64.28742137065638
10,path,1.4,0.2,512,0.19861568565335266,251.06010604472792,73.11568204234938
10,path,1.4,0.30000000000000004,512,0.22468270959017064,257.4142986365608,82.639914260894
10,path,1.4,0.4,512,0.2520900406089463,264.4103529925727,92.96820760225502
10,path,1.4,0.5,512,0.2809456743010757,272.1615614936863,104.23410527917493
10,path,1.4,0.6000000000000001,512,0.31137007214232604,280.81123900487216,116.60503481321669
10,path,1.4,0.7000000000000001,512,0.3434982194791644,290.5436440756265,130.29441741066248
10,path,1.4,0.8,512,0.3774822020970898,301.60009683720097,145.57949798430326
10,path,1.4,0.9,512,0.41349451284110456,314.30344049780086,162.82835084692397
10,path,1.4,1.0,512,0.45173243325378415,329.0963813454979,182.54213551406158
10,path,1.5,0.0,512,0.1711178342287839,229.03630483543088,57.00302540295245
10,path,1.5,0.1,512,0.19851718954054512,233.7248745148673,65.4327588576882
10,path,1.5,0.2,512,0.22699975986531706,238.81486766075471,74.3953144164088
10,path,1.5,0.30000000000000004,512,0.2566320447158015,244.36787620144287,83.96618044397043
10,path,1.5,0.4,512,0.2874863406180673,250.45974579404583,94.23713117668372
10,path,1.5,0.5,512,0.3196414649656069,257.18506790726093,105.32124770396722
10,path,1.5,0.6000000000000001,512,0.35318362240909834,264.663501787878,117.35996666787327
10,path,1.5,0.7000000000000001,512,0.38820746170566217,273.0488623396427,130.53319118492354
10,path,1.5,0.8,512,0.42481739640850247,282.542500899941,145.07415108146162
10,path,1.5,0.9,512,0.46312930680527126,293.4135527041995,161.29185538961946
10,path,1.5,1.0,512,0.5032728202505841,306.03055484531006,179.60611096906334
10,path,0.5,0.0,256,0.0026814144993490933,177.5720281095784,33.560337935509274
10,path,0.5,0.1,256,0.0024226188410433626,179.78685901459014,32.91298897276996
10,path,0.5,0.2,256,0.0021716659993672185,182.1834234209522,32.18108005570804
10,path,0.5,0.30000000000000004,256,0.0019289232582392513,184.7934682403495,31.351617020530664
10,path,0.5,0.4,256,0.001694792245393286,187.65569684737747,30.408684419435208
10,path,0.5,0.5,256,0.0014697161888173327,190.8177801118385,29.332550128091746
10,path,0.5,0.6000000000000001,256,0.0012541898947241482,194.33899508002733,28.098415216301976
10,path,0.5,0.7000000000000001,256,0.0010487738051236624,198.29360923029546,26.674633119680184
10,path,0.5,0.8,256,0.0008541143270304972,202.77490418140857,25.02011473337626
10,path,0.5,0.9,256,0.0006709740807963778,207.89872852279274,23.08044876517945
10,path,0.5,1.0,256,0.0005002783519572623,213.80117885469878,20.78192761161669
10,path,0.6,0.0,256,0.008455588477292485,203.745559306678,41.116685229470455
10,path,0.6,0.1,256,0.007832376102634315,207.20832673246557,40.46314543231029
10,path,0.6,0.2,256,0.007208769581003922,210.9538729352322,39.725792083053
10,path,0.6,0.30000000000000004,256,0.006585705991317503,215.0264313514667,38.891394164697815
10,path,0.6,0.4,256,0.0059642630590801,219.48041879875367,37.94367937889053
10,path,0.6,0.5,256,0.005345687954875941,224.3835273914706,36.86238320537514
10,path,0.6,0.6000000000000001,256,0.004731435543210603,229.82096663185703,35.621914375547306
10,path,0.6,0.7000000000000001,256,0.00412322052563888,235.90133551339716,34.18944290223521
10,path,0.6,0.8,256,0.003523090626262907,242.76476987579787,32.522096084504135
10,path,0.6,0.9,256,0.0029335327107417224,250.59407151227225,30.562735460460527
10,path,0.6,1.0,256,0.0023576323866655344,259.628851773337,28.23339893967438
10,path,0.7,0.0,256,0.020859317434218805,228.11528387180365,50.07449263570739
10,path,0.7,0.1,256,0.01972242387869739,232.93180315684106,49.50678657744876
10,path,0.7,0.2,256,0.018556615673816248,238.17900354578458,48.864440445192685
10,path,0.7,0.30000000000000004,256,0.017361329267583006,243.92334151209252,48.134904317421146
10,path,0.7,0.4,256,0.0161361056336926,250.24655284729656,47.30261655637203
10,path,0.7,0.5,256,0.01488063839268259,257.2504083739918,46.34803683406759
10,path,0.7,0.6000000000000001,256,0.0135948418822279,265.06336537648707,45.24628095707429
10,path,0.7,0.7000000000000001,256,0.012278948999177084,273.8500450107899,43.965152152563036
10,path,0.7,0.8,256,0.010933654625244638,283.8250058167196,42.4622328557275
10,path,0.7,0.9,256,0.009560330966570002,295.27316787284167,40.68046885635051
10,path,0.7,1.0,256,0.008161360402174436,308.5806544735385,38.54124788190426
10,path,0.8,0.0,256,0.042302408693348864,247.41803513239108,59.67729462284869
10,path,0.8,0.1,256,0.040663477880888525,253.45931305319323,59.30278195595079
10,path,0.8,0.2,256,0.038951547172309184,260.0910612446233,58.87545507674323
10,path,0.8,0.30000000000000004,256,0.03716128312586691,267.4081564891908,58.385608820223176
10,path,0.8,0.4,256,0.03528683208160243,275.5277060340306,57.82105102000588
10,path,0.8,0.5,256,0.033321771868338186,284.5961068210305,57.16626799567712
10,path,0.8,0.6000000000000001,256,0.03125906719839869,294.79900977752504,56.40123489797587
10,path,0.8,0.7000000000000001,256,0.02909103628785953,306.37569331371907,55.49968264928728
10,path,0.8,0.8,256,0.026809342616001517,319.6403104762817,54.426510341980304
10,path,0.8,0.9,256,0.024405037598226157,335.01417945338625,53.13381105686687
10,path,0.8,1.0,256,0.021868702713227335,353.0764302608596,51.55456489656582
10,path,0.9,0.0,256,0.07311820759210814,259.1942622639601,68.81811919870214
10,path,0.9,0.1,256,0.07118745921606524,266.0587053415271,68.71028949874827
10,path,0.9,0.2,256,0.06914292046882874,273.6324879700284,68.58159498810016
10,path,0.9,0.30000000000000004,256,0.06697332522629217,282.0341031556859,68.42753256387063
10,path,0.9,0.4,256,0.06466583685598083,291.41053584742133,68.2423197135564
10,path,0.9,0.5,256,0.0622057677307346,301.94650395553373,68.01843465611303
10,path,0.9,0.6000000000000001,256,0.059576238639319865,313.87758326929907,67.74595077915163
10,path,0.9,0.7000000000000001,256,0.056757763850655736,327.50927694616206,67.41155204363626
10,path,0.9,0.8,256,0.05372774459248511,343.2454471757264,66.9970396763133
10,path,0.9,0.9,256,0.05045985098139453,361.6319809745069,66.47700148084996
10,path,0.9,1.0,256,0.046923271569495426,383.42619807337525,65.81505098135926
10,path,1.0,0.0,256,0.11111111111111172,262.9025196384795,76.50435719835083
10,path,1.0,0.1,256,0.10919540229885055,270.04914079225586,76.67342601601835
10,path,1.0,0.2,256,0.10714285714285979,277.94721473900074,76.85488865400937
10,path,1.0,0.30000000000000004,256,0.10493827160493824,286.72416185259254,77.05029882748362
10,path,1.0,0.4,256,0.10256410256410109,296.5383917487768,77.26148730988274
10,path,1.0,0.5,256,0.09999999999999841,307.5894480842007,77.49062684938524
10,path,1.0,0.6000000000000001,256,0.09722222222222007,320.1324523999265,77.74031624511069
10,path,1.0,0.7000000000000001,256,0.09420289855072361,334.4991464234846,78.01369052103216
10,path,1.0,0.8,256,0.09090909090909016,351.1293593933104,78.31456716303745
10,path,1.0,0.9,256,0.08730158730158805,370.6195010820393,78.6476429839023
10,path,1.0,1.0,256,0.08333333333333322,393.799947981711,79.01876331440003
10,path,1.1,0.0,256,0.15265982908588316,259.85747004618173,82.22882164157991
10,path,1.1,0.1,256,0.1510270498008668,266.80331634370214,82.63422223296888
10,path,1.1,0.2,256,0.1492505541279756,274.4690127199732,83.07848801992485
10,path,1.1,0.30000000000000004,256,0.14731402922231407,282.97560409274774,83.56830039798582
10,path,1.1,0.4,256,0.14519865014967592,292.47340473619226,84.11198846120247
10,path,1.1,0.5,256,0.14288258137958612,303.1515319175959,84.72006823669392
10,path,1.1,0.6000000000000001,256,0.14034035544937826,315.2514591618931,85.4060079219988
10,path,1.1,0.7000000000000001,256,0.1375420924183547,329.08672736578006,86.1873380055897
10,path,1.1,0.8,256,0.13445251125237417,345.0723635110568,87.08730264326672
10,path,1.1,0.9,256,0.1310296671724801,363.7701131184698,88.13738827132399
10,path,1.1,1.0,256,0.12722332579186366,385.960429133438,89.38132815402568
10,path,1.2000000000000002,0.0,256,0.1943007720002529,252.25574345525604,86.00137418505236
10,path,1.2000000000000002,0.1,256,0.19312000417550482,258.69087395790973,86.58478172122257
10,path,1.2000000000000002,0.2,256,0.19179462186714888,265.7693448400508,87.2240264163767
10,path,1.2000000000000002,0.30000000000000004,256,0.19030900910703916,273.5970276704034,87.92929903301055
10,path,1.2000000000000002,0.4,256,0.18864526373733162,282.3050338859497,88.71337538941191
10,path,1.2000000000000002,0.5,256,0.18678277378431166,292.0578418343386,89.59247591280443
10,path,1.2000000000000002,0.6000000000000001,256,0.1846976979161133,303.06481275281254,90.58748778945704
10,path,1.2000000000000002,0.7000000000000001,256,0.18236232485299328,315.59687751507255,91.72574050422605
10,path,1.2000000000000002,0.8,256,0.1797442798243431,330.01133733519134,93.04364940784492
10,path,1.2000000000000002,0.9,256,0.1768055384095178,346.7898118038714,94.59076429200769
10,path,1.2000000000000002,1.0,256,0.1735012009060498,366.5982936027636,96.43617644732862
10,path,1.3,0.0,256,0.23364764790943846,242.20873022027413,88.14481296223455
10,path,1.3,0.1,256,0.23300454700011008,247.9980349345874,88.85495939676231
10,path,1.3,0.2,256,0.23221378573067963,254.339379419699,89.62995942593511
10,path,1.3,0.30000000000000004,256,0.2312613163172511,261.3215529076455,90.48217683872313
10,path,1.3,0.4,256,0.23013118439760996,269.0542485204101,91.42711563872322
10,path,1.3,0.5,256,0.22880521140460439,277.6747293316786,92.4844611029237
10,path,1.3,0.6000000000000001,256,0.2272626129224589,287.3572461203595,93.67955632861504
10,path,1.3,0.7000000000000001,256,0.22547953888296843,298.326636871018,95.04554101788875
10,path,1.3,0.8,256,0.22342851908718098,310.8784578224212,96.62652467399468
10,path,1.3,0.9,256,0.2210777962833189,325.4096402930492,98.48242591761026
10,path,1.3,1.0,256,0.21839053166729588,342.4667326255413,100.69659242784817
10,path,1.4,0.0,256,0.2694831616770013,231.2770215610058,89.07432780725955
10,path,1.4,0.1,256,0.26941795693852477,236.4056981809533,89.875676178557
10,path,1.4,0.2,256,0.2691967669569205,241.9994954875612,90.74574286940434
10,path,1.4,0.30000000000000004,256,0.2688077179182787,248.1321378556455,91.69827385982542
10,path,1.4,0.4,256,0.26823743896392965,254.89461259845893,92.75046334314322
10,path,1.4,0.5,256,0.2674708456928384,262.40064844922284,93.92408769082515
10,path,1.4,0.6000000000000001,256,0.2664908849444293,270.7944386661588,95.24710808131607
10,path,1.4,0.7000000000000001,256,0.26527823376413,280.26176374228976,96.75598296370666
10,path,1.4,0.8,256,0.2638109451085094,291.04640274114416,98.49908434895154
10,path,1.4,0.9,256,0.26206403406611145,303.47502695827126,100.54188314174608
10,path,1.4,1.0,256,0.26000900373454,317.9961849078037,102.97507003968438
10,path,1.5,0.0,256,0.30144044711128176,220.42936882437976,89.16704489331823
10,path,1.5,0.1,256,0.3019760783672761,224.94586984701928,90.03844407367431
10,path,1.5,0.2,256,0.3023420740575807,229.85326937193116,90.97958216495094
10,path,1.5,0.30000000000000004,256,0.30252939803603723,235.21348796546607,92.00520970159675
10,path,1.5,0.4,256,0.30252789272111474,241.10295841772637,93.13368728834757
10,path,1.5,0.5,256,0.3023261464143533,247.61722326882693,94.38816272076582
10,path,1.5,0.6000000000000001,256,0.30191133861881336,254.8774040874728,95.7982285439475
10,path,1.5,0.7000000000000001,256,0.3012690599913178,263.0394971366267,97.4023047486328
10,path,1.5,0.8,256,0.3003831038404537,272.308050477478,99.2511447764913
10,path,1.5,0.9,256,0.2992352276922181,282.95683938878017,101.4131341144924
10,path,1.5,1.0,256,0.2978048883571827,295.36111136834165,103.98254918289554
